epoch,loss
0,311.44610595703125
100,256.90863037109375
200,223.75051879882812
300,213.8532257080078
400,211.49124145507812
500,210.15005493164062
600,208.44895935058594
700,205.89718627929688
