epoch,loss
0,74.8878173828125
100,64.40725708007812
200,49.683712005615234
300,27.236167907714844
400,28.132164001464844
500,16.46036148071289
