t,vx,vy,v,x,y
0.15,9.81936043,25.49973351,27.3250114,1.505320908,4.024230274
0.5,8.994238571,19.97982246,21.91094779,4.790417472,11.95657049
1,8.176363485,13.35860991,15.66222776,9.068584899,20.24294006
3.2,6.604112216,-9.243313604,11.36015601,25.11380976,23.69779604
4.7,5.168032133,-20.42674118,21.07036572,34.0088771,0.827816308